{"cameraMode":{"drawMode":0,"name":"Shaded","section":"Shading Mode"},"sceneLighting":true,"audioPlay":false,"sceneViewState":{"m_AlwaysRefresh":false,"showFog":true,"showSkybox":true,"showFlares":true,"showImageEffects":true,"showParticleSystems":true,"showVisualEffectGraphs":true,"m_FxEnabled":true},"in2DMode":false,"pivot":{"x":38.29461669921875,"y":-10.000589370727539,"z":-15.815912246704102},"rotation":{"x":0.06551778316497803,"y":0.7967981696128845,"z":-0.08784887194633484,"w":0.5942453145980835},"size":33.138755798339847,"orthographic":false}