{"cameraMode":{"drawMode":0,"name":"Shaded","section":"Shading Mode"},"sceneLighting":true,"audioPlay":false,"sceneViewState":{"m_AlwaysRefresh":false,"showFog":true,"showSkybox":true,"showFlares":true,"showImageEffects":true,"showParticleSystems":true,"showVisualEffectGraphs":true,"m_FxEnabled":true},"in2DMode":false,"pivot":{"x":-3.421104907989502,"y":-1.2293205261230469,"z":-3.6468677520751955},"rotation":{"x":0.028626780956983568,"y":-0.9658041000366211,"z":0.2271566241979599,"w":0.12175145745277405},"size":12.761282920837403,"orthographic":false}