{"cameraMode":{"drawMode":0,"name":"Shaded","section":"Shading Mode"},"sceneLighting":false,"audioPlay":false,"sceneViewState":{"m_AlwaysRefresh":false,"showFog":true,"showSkybox":false,"showFlares":true,"showImageEffects":true,"showParticleSystems":true,"showVisualEffectGraphs":true,"m_FxEnabled":true},"in2DMode":false,"pivot":{"x":-0.29190683364868166,"y":7.998259544372559,"z":-0.6269931793212891},"rotation":{"x":0.028626780956983568,"y":-0.9658041000366211,"z":0.2271566241979599,"w":0.12175145745277405},"size":19.21281623840332,"orthographic":false}